USE ssafy_final;

-- 더미 데이터

INSERT INTO `avty`VALUES
(0, 'ENJ'),
(1, 'ENP'),
(2, 'ESJ'),
(3, 'ESP'),
(4, 'INJ'),
(5, 'INP'),
(6, 'ISJ'),
(7, 'ISP'),
(8, '해당없음');

INSERT INTO `user` (`user_id`, `user_password`, `user_name`, `nickname`, `avty_code`, `profile_image`) 
VALUES
('ssafy', '1q2w3e4r!', '조현수', '갓현수', 0, 'profile.png'),
('dhwlgP', '1q2w3e4r!', '오지혜', '헤일리1', 0, 'profile.png'),
('rnjsdbrud', '1q2w3e4r!', '권유경', 'K유경', 6, 'profile.png'),
('rlaskawns', '1q2w3e4r!', '김남준', '올리버쌤', 7, 'profile.png'),
('rlaqudgus', '1q2w3e4r!', '김병현', '팬티도둑', 7, 'profile.png'),
('rlatjsdud', '1q2w3e4r!', '김선영', '첫째딸', 6, 'profile.png'),
('rladudtjq', '1q2w3e4r!', '김영섭', '반려견', 5, 'profile.png'),
('rladPfla', '1q2w3e4r!', '김예림', '주인', 7, 'profile.png'),
('rladbrud', '1q2w3e4r!', '김유경', '츄러스리더', 3, 'profile.png'),
('rlawhddls', '1q2w3e4r!', '김종인', '발가락', 6, 'profile.png'),
('rlawndrhkd', '1q2w3e4r!', '김중광', '카리나팬클럽회장', 5, 'profile.png'),
('rlawldms', '1q2w3e4r!', '김지은', '지은영애', 7, 'profile.png'),
('rlaxodns', '1q2w3e4r!', '김태운', '커피조아', 6, 'profile.png'),
('shtpgml', '1q2w3e4r!', '노세희', '올리비아핫세', 6, 'profile.png'),
('fbrlgus', '1q2w3e4r!', '류기현', '기현님', 7, 'profile.png'),
('anstjdgus', '1q2w3e4r!', '문성현', '완전메짱', 3, 'profile.png'),
('qodbduf', '1q2w3e4r!', '배유열', '반장', 1, 'profile.png'),
('qorwlsrb', '1q2w3e4r!', '백진규', 'lg최고', 7, 'profile.png'),
('tjrwlaud', '1q2w3e4r!', '석지명', '최애의아이', 5, 'profile.png'),
('dbtmdgh', '1q2w3e4r!', '유승호', '덱스', 2,'profile.png'),
('dbguswjd', '1q2w3e4r!', '유현정', 'kt짱', 5, 'profile.png'),
('dlehdgur', '1q2w3e4r!', '이동혁', '형님', 7, 'profile.png'),
('dltmdgjs', '1q2w3e4r!', '이승헌', '하나둘셋', 0, 'profile.png'),
('wjsdmsvud', '1q2w3e4r!', '전은평', '전은평구입니다', 4, 'profile.png'),
('wjddbrud', '1q2w3e4r!', '정유경', '딸', 7, 'profile.png'),
('wjdgusdk', '1q2w3e4r!', '정현아', '햄스터', 7, 'profile.png'),
('whdydghks', '1q2w3e4r!', '조용환', '아버지', 5, 'profile.png'),
('gusalstn', '1q2w3e4r!', '현민수', '전학생', 5, 'profile.png');


INSERT INTO `diary` (`user_id`,`create_date`,`save_image`,`original_image`,`title`,`content`) 
VALUES 
    ('ssafy','2023-11-01','01.jpg','01','오운완 인증!','오늘 운동 너무 힘들었는데 열심히 했어요 !! 앞으로 더 열심히 운동해서 몸짱이 될거야,,!'),
    ('ssafy','2023-11-02','02.jpg','02','오늘의 거울샷','운동하고 나서 거울에서 사진 찍어두기! 헬스장에 사람이 별로 없었다 ~~'),
    ('ssafy','2023-11-03','03.jpg','03','조명찾아 삼만리','화장실 조명에서 찍으니까 어제보다 근육이 잘 보이는 것 같기도,, 아닌가?'),
    ('ssafy','2023-11-04','04.jpg','04','재밌는 헬스','사실은 넘 어려웡 ㅠ 하지만 포기란 배추 셀 때나 하는 이야기야 포기하지 않고 끝까지 아자아자'),
    ('ssafy','2023-11-05','05.jpg','05','크로스핏 체험','윤성빈 선수보고 크로스핏 체험하러 가봤는데 진짜 재밌었다 !! 다치지 않게 조심해야지 ~~'),
    ('ssafy','2023-11-09','06.jpg','06','같이 운동합시당!','크로스핏은 사람들이랑 같이 할 수 있어서 좋은듯,,, 다음엔 친구 데리고 가야지'),
    ('ssafy','2023-11-10','07.jpg','07','오늘 운동 맛있다 ~','운동 열심히 합시다. 운동이 최고야. 운동하면 오래살고 건강해진다잉'),
    ('ssafy','2023-11-10','08.jpg','08','인생사진 건졌다 ㅋㅋ','같이 운동하시는 분한테 찍어달라고 했는데 좀 괜찮은듯? 역시 운동할 때 잘생겨보이나 ㅋㅋ'),
    ('ssafy','2023-11-10','09.jpg','09','진짜 힘든 하루 ..','오늘은 역대급 힘든날 .. ㅠ 내일 근육통이 벌써 두렵다요 ㅠ'),
    ('ssafy','2023-11-11','10.jpg','10','오랜만에 거울샷 ㅋ','거울이 조금 더럽긴 하지만 복근 잘보여서 기록해둡니다 ~~'),
    ('ssafy','2023-11-12','11.jpg','11','헬스장에 나홀로','내가 1빠로 도착해서 혼자 여유롭게 운동하고 왔다 .. 헬스장 조명 새로 갈았던데 좋은듯?'),
    ('ssafy','2023-11-13','12.jpg','12','태닝하러 다녀온 날','바디프로필 준비를 위해서 태닝하고 왔다.. 근육이 더 잘 보이나? 모르겠다'),
    ('ssafy','2023-11-14','13.jpg','13','내 등 어떤데','오늘은 등을 집중적으로 했는데 맘에 들어서 한 번 찍어봤음!'),
    ('ssafy','2023-11-14','14.jpg','14','으으으아 !!!','오늘의 2번째 운동 .. 대회 준비 해볼까? 식단하기 너무 싫은데 ..ㅠㅠ'),
    ('ssafy','2023-11-15','15.jpg','15','대박','오늘 오랜만에 크로스핏 갔는데 성빈이 형님이랑 같이 운동했다,, 역시 국대는 다른듯 허락 맡고 찍은 사진 기록해두기 !!'),
    ('ssafy','2023-11-17','16.jpg','16','프로틴은 닥터유','성빈이 형님이 선물로 닥터유 프로틴 주셨다 ㄷㄷ 가문의 영광! 열심히 먹고 벌크업 해야지'),
    ('ssafy','2023-11-12','17.jpg','17','마라톤은 처음이라,,','여자친구랑 마라톤 도전했는데 역시나 유산소는 나랑 안맞아 ㅜㅜ 난 체력꽝이야 ...'),
    ('ssafy','2023-11-18','18.jpg','18','물개가 꿈이야','아시안게임에서 황선우 선수보고 반해서 수영하러 갔다왔다! 물개가 되는 그날까지 열심히해야지 ~~ 아자아자'),
    ('ssafy','2023-11-19','19.jpg','19','클라이밍에 소질있는듯','클라이밍 처음해봤는데 꽤 잘함! 주변에서 친구들이 소질 있는 것 같다고 해줬다 근데 낼 전완근 아프겠지 ㅠㅠ 두렵다'),
    ('ssafy','2023-11-20','20.jpg','20','구기 종목도 정복중','테니스하면서 소리지르니까 스트레스가 다 풀리는 듯 ~~ 으아아아아!!'),
    ('ssafy','2023-11-21','21.jpg','21','친구들이랑 볼링내기','오랜만에 친구들 만나서 술마셨지만 마무리는 볼링으로 ㅋ 볼링도 운동 맞을걸 ?'),
    ('ssafy','2023-11-21','22.jpg','22','라운딩 꿀잼','아빠랑 라운딩 갔다왔는데 꿀잼! 근데 골프해서 허리 너무 아파 ..'),
    ('ssafy','2023-11-22','23.jpg','23','날씨 좋은 날은 역시 등산이지 !','날씨가 좋아서 등산했는데 정상에서 보는 하늘은 .. 멋지다 ~~ !'),
    ('ssafy','2023-11-23','24.jpg','24','남자도 필라테스 할 수 있다!','필라테스는 헬스랑 완전 다른 매력을 가진듯 .. 코어 힘을 느끼는 데는 최고다!'),
    ('dhwlgP','2023-11-02','25.jpg','25','오운완 인증!','11자 복근이 엄청 선명해서 사진 한 장 찍어두기! 맘에 드로'),
    ('dhwlgP','2023-11-03','26.jpg','26','인생네컷','오늘 운동하고 처음으로 인생네컷 찍으러 가봤다~~ 조명이 좋아서 잘 나온듯'),
    ('dhwlgP','2023-11-10','27.jpg','27','오늘은 집에서~','비와서 나가기 싫지만 그래도 집에서 운동은 해냄!! 기념으로 인증샷~'),
    ('dhwlgP','2023-11-18','28.jpg','28','필라테스 기록','필라테스에서 역광으로 인생샷 건졌다 뿌듯'),
    ('dhwlgP','2023-11-20','29.jpg','29','이게 무슨자세였더라','요가 처음으로 가서 인증샷 남겼는데 자세 이름이 기억이 안남,,'),
    ('rnjsdbrud','2023-11-06','22.jpg','22','라운딩 꿀잼','아빠랑 라운딩 갔다왔는데 꿀잼! 근데 골프해서 허리 너무 아파 ..'),
    ('rnjsdbrud','2023-11-07','16.jpg','16','프로틴은 닥터유','성빈님이 선물로 닥터유 프로틴 주셨다 ㄷㄷ 가문의 영광! 열심히 먹고 벌크업 해야지'),
    ('rnjsdbrud','2023-11-12','18.jpg','18','물개가 꿈이야','아시안게임에서 황선우 선수보고 반해서 수영하러 갔다왔다! 물개가 되는 그날까지 열심히해야지 ~~ 아자아자'),
    ('rnjsdbrud','2023-11-15','06.jpg','06','같이 운동합시당!','크로스핏은 사람들이랑 같이 할 수 있어서 좋은듯,,, 다음엔 친구 데리고 가야지'),
    ('rnjsdbrud','2023-11-22','25.jpg','25','오운완 인증!','11자 복근이 엄청 선명해서 사진 한 장 찍어두기! 맘에 드로'),
    ('rlaskawns','2023-11-01','06.jpg','06','같이 운동합시당!','크로스핏은 사람들이랑 같이 할 수 있어서 좋은듯,,, 다음엔 친구 데리고 가야지'),
    ('rlaskawns','2023-11-06','23.jpg','23','날씨 좋은 날은 역시 등산이지 !','날씨가 좋아서 등산했는데 정상에서 보는 하늘은 .. 멋지다 ~~ !'),
    ('rlaskawns','2023-11-14','16.jpg','16','프로틴은 닥터유','성빈님이 선물로 닥터유 프로틴 주셨다 ㄷㄷ 가문의 영광! 열심히 먹고 벌크업 해야지'),
    ('rlaskawns','2023-11-15','08.jpg','08','인생사진 건졌다 ㅋㅋ','같이 운동하시는 분한테 찍어달라고 했는데 좀 괜찮은듯? 역시 운동할 때 잘생겨보이나 ㅋㅋ'),
    ('rlaskawns','2023-11-20','03.jpg','03','조명찾아 삼만리','화장실 조명에서 찍으니까 어제보다 근육이 잘 보이는 것 같기도,, 아닌가?'),
    ('rlaqudgus','2023-11-02','29.jpg','29','이게 무슨자세였더라','요가 처음으로 가서 인증샷 남겼는데 자세 이름이 기억이 안남,,'),
    ('rlaqudgus','2023-11-04','16.jpg','16','프로틴은 닥터유','성빈이 형님이 선물로 닥터유 프로틴 주셨다 ㄷㄷ 가문의 영광! 열심히 먹고 벌크업 해야지'),
    ('rlaqudgus','2023-11-05','24.jpg','24','남자도 필라테스 할 수 있다!','필라테스는 헬스랑 완전 다른 매력을 가진듯 .. 코어 힘을 느끼는 데는 최고다!'),
    ('rlaqudgus','2023-11-10','22.jpg','22','라운딩 꿀잼','아빠랑 라운딩 갔다왔는데 꿀잼! 근데 골프해서 허리 너무 아파 ..'),
    ('rlaqudgus','2023-11-15','18.jpg','18','물개가 꿈이야','아시안게임에서 황선우 선수보고 반해서 수영하러 갔다왔다! 물개가 되는 그날까지 열심히해야지 ~~ 아자아자'),
    ('rlatjsdud','2023-11-02','16.jpg','16','프로틴은 닥터유','성빈님이 선물로 닥터유 프로틴 주셨다 ㄷㄷ 가문의 영광! 열심히 먹고 벌크업 해야지'),
    ('rlatjsdud','2023-11-09','29.jpg','29','이게 무슨자세였더라','요가 처음으로 가서 인증샷 남겼는데 자세 이름이 기억이 안남,,'),
    ('rlatjsdud','2023-11-14','25.jpg','25','오운완 인증!','11자 복근이 엄청 선명해서 사진 한 장 찍어두기! 맘에 드로'),
    ('rlatjsdud','2023-11-18','08.jpg','08','인생사진 건졌다 ㅋㅋ','같이 운동하시는 분한테 찍어달라고 했는데 좀 괜찮은듯? 역시 운동할 때 잘생겨보이나 ㅋㅋ'),
    ('rlatjsdud','2023-11-19','09.jpg','09','진짜 힘든 하루 ..','오늘은 역대급 힘든날 .. ㅠ 내일 근육통이 벌써 두렵다요 ㅠ'),
    ('rladudtjq','2023-11-05','18.jpg','18','물개가 꿈이야','아시안게임에서 황선우 선수보고 반해서 수영하러 갔다왔다! 물개가 되는 그날까지 열심히해야지 ~~ 아자아자'),
    ('rladudtjq','2023-11-09','19.jpg','19','클라이밍에 소질있는듯','클라이밍 처음해봤는데 꽤 잘함! 주변에서 친구들이 소질 있는 것 같다고 해줬다 근데 낼 전완근 아프겠지 ㅠㅠ 두렵다'),
    ('rladudtjq','2023-11-12','24.jpg','24','남자도 필라테스 할 수 있다!','필라테스는 헬스랑 완전 다른 매력을 가진듯 .. 코어 힘을 느끼는 데는 최고다!'),
    ('rladudtjq','2023-11-18','22.jpg','22','라운딩 꿀잼','아빠랑 라운딩 갔다왔는데 꿀잼! 근데 골프해서 허리 너무 아파 ..'),
    ('rladudtjq','2023-11-20','06.jpg','06','같이 운동합시당!','크로스핏은 사람들이랑 같이 할 수 있어서 좋은듯,,, 다음엔 친구 데리고 가야지'),
    ('rladPfla','2023-11-01','23.jpg','23','날씨 좋은 날은 역시 등산이지 !','날씨가 좋아서 등산했는데 정상에서 보는 하늘은 .. 멋지다 ~~ !'),
    ('rladPfla','2023-11-07','19.jpg','19','클라이밍에 소질있는듯','클라이밍 처음해봤는데 꽤 잘함! 주변에서 친구들이 소질 있는 것 같다고 해줬다 근데 낼 전완근 아프겠지 ㅠㅠ 두렵다'),
    ('rladPfla','2023-11-10','16.jpg','16','프로틴은 닥터유','성빈님이 선물로 닥터유 프로틴 주셨다 ㄷㄷ 가문의 영광! 열심히 먹고 벌크업 해야지'),
    ('rladPfla','2023-11-15','09.jpg','09','진짜 힘든 하루 ..','오늘은 역대급 힘든날 .. ㅠ 내일 근육통이 벌써 두렵다요 ㅠ'),
    ('rladPfla','2023-11-19','06.jpg','06','같이 운동합시당!','크로스핏은 사람들이랑 같이 할 수 있어서 좋은듯,,, 다음엔 친구 데리고 가야지'),
    ('rladbrud','2023-11-04','08.jpg','08','인생사진 건졌다 ㅋㅋ','같이 운동하시는 분한테 찍어달라고 했는데 좀 괜찮은듯? 역시 운동할 때 잘생겨보이나 ㅋㅋ'),
    ('rladbrud','2023-11-07','19.jpg','19','클라이밍에 소질있는듯','클라이밍 처음해봤는데 꽤 잘함! 주변에서 친구들이 소질 있는 것 같다고 해줬다 근데 낼 전완근 아프겠지 ㅠㅠ 두렵다'),
    ('rladbrud','2023-11-11','09.jpg','09','진짜 힘든 하루 ..','오늘은 역대급 힘든날 .. ㅠ 내일 근육통이 벌써 두렵다요 ㅠ'),
    ('rladbrud','2023-11-16','25.jpg','25','오운완 인증!','11자 복근이 엄청 선명해서 사진 한 장 찍어두기! 맘에 드로'),
    ('rladbrud','2023-11-21','16.jpg','16','프로틴은 닥터유','성빈님이 선물로 닥터유 프로틴 주셨다 ㄷㄷ 가문의 영광! 열심히 먹고 벌크업 해야지'),
    ('rlawhddls','2023-11-05','19.jpg','19','클라이밍에 소질있는듯','클라이밍 처음해봤는데 꽤 잘함! 주변에서 친구들이 소질 있는 것 같다고 해줬다 근데 낼 전완근 아프겠지 ㅠㅠ 두렵다'),
    ('rlawhddls','2023-11-10','24.jpg','24','남자도 필라테스 할 수 있다!','필라테스는 헬스랑 완전 다른 매력을 가진듯 .. 코어 힘을 느끼는 데는 최고다!'),
    ('rlawhddls','2023-11-17','22.jpg','22','라운딩 꿀잼','아빠랑 라운딩 갔다왔는데 꿀잼! 근데 골프해서 허리 너무 아파 ..'),
    ('rlawhddls','2023-11-20','23.jpg','23','날씨 좋은 날은 역시 등산이지 !','날씨가 좋아서 등산했는데 정상에서 보는 하늘은 .. 멋지다 ~~ !'),
    ('rlawhddls','2023-11-23','29.jpg','29','이게 무슨자세였더라','요가 처음으로 가서 인증샷 남겼는데 자세 이름이 기억이 안남,,'),
    ('rlawndrhkd','2023-11-03','16.jpg','16','프로틴은 닥터유','성빈이 형님이 선물로 닥터유 프로틴 주셨다 ㄷㄷ 가문의 영광! 열심히 먹고 벌크업 해야지'),
    ('rlawndrhkd','2023-11-04','29.jpg','29','이게 무슨자세였더라','요가 처음으로 가서 인증샷 남겼는데 자세 이름이 기억이 안남,,'),
    ('rlawndrhkd','2023-11-07','08.jpg','08','인생사진 건졌다 ㅋㅋ','같이 운동하시는 분한테 찍어달라고 했는데 좀 괜찮은듯? 역시 운동할 때 잘생겨보이나 ㅋㅋ'),
    ('rlawndrhkd','2023-11-08','06.jpg','06','같이 운동합시당!','크로스핏은 사람들이랑 같이 할 수 있어서 좋은듯,,, 다음엔 친구 데리고 가야지'),
    ('rlawndrhkd','2023-11-09','23.jpg','23','날씨 좋은 날은 역시 등산이지 !','날씨가 좋아서 등산했는데 정상에서 보는 하늘은 .. 멋지다 ~~ !'),
    ('rlawldms','2023-11-20','14.jpg','14','으으으아 !!!','오늘의 2번째 운동 .. 대회 준비 해볼까? 식단하기 너무 싫은데 ..ㅠㅠ'),
    ('rlawldms','2023-11-02','29.jpg','29','이게 무슨자세였더라','요가 처음으로 가서 인증샷 남겼는데 자세 이름이 기억이 안남,,'),
    ('rlawldms','2023-11-05','25.jpg','25','오운완 인증!','11자 복근이 엄청 선명해서 사진 한 장 찍어두기! 맘에 드로'),
    ('rlawldms','2023-11-08','09.jpg','09','진짜 힘든 하루 ..','오늘은 역대급 힘든날 .. ㅠ 내일 근육통이 벌써 두렵다요 ㅠ'),
    ('rlawldms','2023-11-10','16.jpg','16','프로틴은 닥터유','성빈님이 선물로 닥터유 프로틴 주셨다 ㄷㄷ 가문의 영광! 열심히 먹고 벌크업 해야지'),
    ('rlaxodns','2023-11-15','14.jpg','14','으으으아 !!!','오늘의 2번째 운동 .. 대회 준비 해볼까? 식단하기 너무 싫은데 ..ㅠㅠ'),
    ('rlaxodns','2023-11-08','22.jpg','22','라운딩 꿀잼','아빠랑 라운딩 갔다왔는데 꿀잼! 근데 골프해서 허리 너무 아파 ..'),
    ('rlaxodns','2023-11-10','29.jpg','29','이게 무슨자세였더라','요가 처음으로 가서 인증샷 남겼는데 자세 이름이 기억이 안남,,'),
    ('rlaxodns','2023-11-12','24.jpg','24','남자도 필라테스 할 수 있다!','필라테스는 헬스랑 완전 다른 매력을 가진듯 .. 코어 힘을 느끼는 데는 최고다!'),
    ('rlaxodns','2023-11-14','19.jpg','19','클라이밍에 소질있는듯','클라이밍 처음해봤는데 꽤 잘함! 주변에서 친구들이 소질 있는 것 같다고 해줬다 근데 낼 전완근 아프겠지 ㅠㅠ 두렵다'),
    ('shtpgml','2023-11-16','23.jpg','23','날씨 좋은 날은 역시 등산이지 !','날씨가 좋아서 등산했는데 정상에서 보는 하늘은 .. 멋지다 ~~ !'),
    ('shtpgml','2023-11-05','26.jpg','26','인생네컷','오늘 운동하고 처음으로 인생네컷 찍으러 가봤다~~ 조명이 좋아서 잘 나온듯'),
    ('shtpgml','2023-11-08','08.jpg','08','인생사진 건졌다 ㅋㅋ','같이 운동하시는 분한테 찍어달라고 했는데 좀 괜찮은듯? 역시 운동할 때 잘생겨보이나 ㅋㅋ'),
    ('shtpgml','2023-11-10','14.jpg','14','으으으아 !!!','오늘의 2번째 운동 .. 대회 준비 해볼까? 식단하기 너무 싫은데 ..ㅠㅠ'),
    ('shtpgml','2023-11-15','25.jpg','25','오운완 인증!','11자 복근이 엄청 선명해서 사진 한 장 찍어두기! 맘에 드로'),
    ('fbrlgus','2023-11-20','16.jpg','16','프로틴은 닥터유','성빈이 형님이 선물로 닥터유 프로틴 주셨다 ㄷㄷ 가문의 영광! 열심히 먹고 벌크업 해야지'),
    ('fbrlgus','2023-11-01','09.jpg','09','진짜 힘든 하루 ..','오늘은 역대급 힘든날 .. ㅠ 내일 근육통이 벌써 두렵다요 ㅠ'),
    ('fbrlgus','2023-11-08','15.jpg','15','대박','오늘 오랜만에 크로스핏 갔는데 성빈이 형님이랑 같이 운동했다,, 역시 국대는 다른듯 허락 맡고 찍은 사진 기록해두기 !!'),
    ('fbrlgus','2023-11-14','22.jpg','22','라운딩 꿀잼','아빠랑 라운딩 갔다왔는데 꿀잼! 근데 골프해서 허리 너무 아파 ..'),
    ('fbrlgus','2023-11-18','23.jpg','23','날씨 좋은 날은 역시 등산이지 !','날씨가 좋아서 등산했는데 정상에서 보는 하늘은 .. 멋지다 ~~ !'),
    ('anstjdgus','2023-11-22','14.jpg','14','으으으아 !!!','오늘의 2번째 운동 .. 대회 준비 해볼까? 식단하기 너무 싫은데 ..ㅠㅠ'),
    ('anstjdgus','2023-11-05','16.jpg','16','프로틴은 닥터유','성빈님이 선물로 닥터유 프로틴 주셨다 ㄷㄷ 가문의 영광! 열심히 먹고 벌크업 해야지'),
    ('anstjdgus','2023-11-07','19.jpg','19','클라이밍에 소질있는듯','클라이밍 처음해봤는데 꽤 잘함! 주변에서 친구들이 소질 있는 것 같다고 해줬다 근데 낼 전완근 아프겠지 ㅠㅠ 두렵다'),
    ('anstjdgus','2023-11-10','25.jpg','25','오운완 인증!','11자 복근이 엄청 선명해서 사진 한 장 찍어두기! 맘에 드로'),
    ('anstjdgus','2023-11-19','08.jpg','08','인생사진 건졌다 ㅋㅋ','같이 운동하시는 분한테 찍어달라고 했는데 좀 괜찮은듯? 역시 운동할 때 잘생겨보이나 ㅋㅋ'),
    ('qodbduf','2023-11-03','15.jpg','15','대박','오늘 오랜만에 크로스핏 갔는데 성빈이 형님이랑 같이 운동했다,, 역시 국대는 다른듯 허락 맡고 찍은 사진 기록해두기 !!'),
    ('qodbduf','2023-11-08','12.jpg','12','태닝하러 다녀온 날','바디프로필 준비를 위해서 태닝하고 왔다.. 근육이 더 잘 보이나? 모르겠다'),
    ('qodbduf','2023-11-15','22.jpg','22','라운딩 꿀잼','아빠랑 라운딩 갔다왔는데 꿀잼! 근데 골프해서 허리 너무 아파 ..'),
    ('qodbduf','2023-11-19','09.jpg','09','진짜 힘든 하루 ..','오늘은 역대급 힘든날 .. ㅠ 내일 근육통이 벌써 두렵다요 ㅠ'),
    ('qodbduf','2023-11-20','13.jpg','13','내 등 어떤데','오늘은 등을 집중적으로 했는데 맘에 들어서 한 번 찍어봤음!'),
    ('qorwlsrb','2023-11-04','23.jpg','23','날씨 좋은 날은 역시 등산이지 !','날씨가 좋아서 등산했는데 정상에서 보는 하늘은 .. 멋지다 ~~ !'),
    ('qorwlsrb','2023-11-06','15.jpg','15','대박','오늘 오랜만에 크로스핏 갔는데 성빈이 형님이랑 같이 운동했다,, 역시 국대는 다른듯 허락 맡고 찍은 사진 기록해두기 !!'),
    ('qorwlsrb','2023-11-10','14.jpg','14','으으으아 !!!','오늘의 2번째 운동 .. 대회 준비 해볼까? 식단하기 너무 싫은데 ..ㅠㅠ'),
    ('qorwlsrb','2023-11-18','16.jpg','16','프로틴은 닥터유','성빈이 형님이 선물로 닥터유 프로틴 주셨다 ㄷㄷ 가문의 영광! 열심히 먹고 벌크업 해야지'),
    ('qorwlsrb','2023-11-20','08.jpg','08','인생사진 건졌다 ㅋㅋ','같이 운동하시는 분한테 찍어달라고 했는데 좀 괜찮은듯? 역시 운동할 때 잘생겨보이나 ㅋㅋ'),
    ('tjrwlaud','2023-11-03','15.jpg','15','대박','오늘 오랜만에 크로스핏 갔는데 성빈이 형님이랑 같이 운동했다,, 역시 국대는 다른듯 허락 맡고 찍은 사진 기록해두기 !!'),
    ('tjrwlaud','2023-11-07','14.jpg','14','으으으아 !!!','오늘의 2번째 운동 .. 대회 준비 해볼까? 식단하기 너무 싫은데 ..ㅠㅠ'),
    ('tjrwlaud','2023-11-08','19.jpg','19','클라이밍에 소질있는듯','클라이밍 처음해봤는데 꽤 잘함! 주변에서 친구들이 소질 있는 것 같다고 해줬다 근데 낼 전완근 아프겠지 ㅠㅠ 두렵다'),
    ('tjrwlaud','2023-11-09','17.jpg','17','마라톤은 처음이라,,','여자친구랑 마라톤 도전했는데 역시나 유산소는 나랑 안맞아 ㅜㅜ 난 체력꽝이야 ...'),
    ('tjrwlaud','2023-11-11','05.jpg','05','크로스핏 체험','윤성빈 선수보고 크로스핏 체험하러 가봤는데 진짜 재밌었다 !! 다치지 않게 조심해야지 ~~'),
    ('dbtmdgh','2023-11-01','01.jpg','01','오운완 인증!','오늘 운동 너무 힘들었는데 열심히 했어요 !! 앞으로 더 열심히 운동해서 몸짱이 될거야,,!'),
    ('dbtmdgh','2023-11-02','17.jpg','17','마라톤은 처음이라,,','여자친구랑 마라톤 도전했는데 역시나 유산소는 나랑 안맞아 ㅜㅜ 난 체력꽝이야 ...'),
    ('dbtmdgh','2023-11-08','10.jpg','10','오랜만에 거울샷 ㅋ','거울이 조금 더럽긴 하지만 복근 잘보여서 기록해둡니다 ~~'),
    ('dbtmdgh','2023-11-11','05.jpg','05','크로스핏 체험','윤성빈 선수보고 크로스핏 체험하러 가봤는데 진짜 재밌었다 !! 다치지 않게 조심해야지 ~~'),
    ('dbtmdgh','2023-11-19','08.jpg','08','인생사진 건졌다 ㅋㅋ','같이 운동하시는 분한테 찍어달라고 했는데 좀 괜찮은듯? 역시 운동할 때 잘생겨보이나 ㅋㅋ'),
    ('dbguswjd','2023-11-01','18.jpg','18','물개가 꿈이야','아시안게임에서 황선우 선수보고 반해서 수영하러 갔다왔다! 물개가 되는 그날까지 열심히해야지 ~~ 아자아자'),
    ('dbguswjd','2023-11-03','14.jpg','14','으으으아 !!!','오늘의 2번째 운동 .. 대회 준비 해볼까? 식단하기 너무 싫은데 ..ㅠㅠ'),
    ('dbguswjd','2023-11-04','21.jpg','21','친구들이랑 볼링내기','오랜만에 친구들 만나서 술마셨지만 마무리는 볼링으로 ㅋ 볼링도 운동 맞을걸 ?'),
    ('dbguswjd','2023-11-08','26.jpg','26','인생네컷','오늘 운동하고 처음으로 인생네컷 찍으러 가봤다~~ 조명이 좋아서 잘 나온듯'),
    ('dbguswjd','2023-11-14','23.jpg','23','날씨 좋은 날은 역시 등산이지 !','날씨가 좋아서 등산했는데 정상에서 보는 하늘은 .. 멋지다 ~~ !'),
    ('dlehdgur','2023-11-06','15.jpg','15','대박','오늘 오랜만에 크로스핏 갔는데 성빈이 형님이랑 같이 운동했다,, 역시 국대는 다른듯 허락 맡고 찍은 사진 기록해두기 !!'),
    ('dlehdgur','2023-11-07','17.jpg','17','마라톤은 처음이라,,','여자친구랑 마라톤 도전했는데 역시나 유산소는 나랑 안맞아 ㅜㅜ 난 체력꽝이야 ...'),
    ('dlehdgur','2023-11-15','01.jpg','01','오운완 인증!','오늘 운동 너무 힘들었는데 열심히 했어요 !! 앞으로 더 열심히 운동해서 몸짱이 될거야,,!'),
    ('dlehdgur','2023-11-19','03.jpg','03','조명찾아 삼만리','화장실 조명에서 찍으니까 어제보다 근육이 잘 보이는 것 같기도,, 아닌가?'),
    ('dlehdgur','2023-11-20','22.jpg','22','라운딩 꿀잼','아빠랑 라운딩 갔다왔는데 꿀잼! 근데 골프해서 허리 너무 아파 ..'),
    ('dltmdgjs','2023-11-03','13.jpg','13','내 등 어떤데','오늘은 등을 집중적으로 했는데 맘에 들어서 한 번 찍어봤음!'),
    ('dltmdgjs','2023-11-08','21.jpg','21','친구들이랑 볼링내기','오랜만에 친구들 만나서 술마셨지만 마무리는 볼링으로 ㅋ 볼링도 운동 맞을걸 ?'),
    ('dltmdgjs','2023-11-13','20.jpg','20','구기 종목도 정복중','테니스하면서 소리지르니까 스트레스가 다 풀리는 듯 ~~ 으아아아아!!'),
    ('dltmdgjs','2023-11-18','18.jpg','18','물개가 꿈이야','아시안게임에서 황선우 선수보고 반해서 수영하러 갔다왔다! 물개가 되는 그날까지 열심히해야지 ~~ 아자아자'),
    ('dltmdgjs','2023-11-22','08.jpg','08','인생사진 건졌다 ㅋㅋ','같이 운동하시는 분한테 찍어달라고 했는데 좀 괜찮은듯? 역시 운동할 때 잘생겨보이나 ㅋㅋ'),
    ('wjsdmsvud','2023-11-04','10.jpg','10','오랜만에 거울샷 ㅋ','거울이 조금 더럽긴 하지만 복근 잘보여서 기록해둡니다 ~~'),
    ('wjsdmsvud','2023-11-06','21.jpg','21','친구들이랑 볼링내기','오랜만에 친구들 만나서 술마셨지만 마무리는 볼링으로 ㅋ 볼링도 운동 맞을걸 ?'),
    ('wjsdmsvud','2023-11-10','19.jpg','19','클라이밍에 소질있는듯','클라이밍 처음해봤는데 꽤 잘함! 주변에서 친구들이 소질 있는 것 같다고 해줬다 근데 낼 전완근 아프겠지 ㅠㅠ 두렵다'),
    ('wjsdmsvud','2023-11-15','22.jpg','22','라운딩 꿀잼','아빠랑 라운딩 갔다왔는데 꿀잼! 근데 골프해서 허리 너무 아파 ..'),
    ('wjsdmsvud','2023-11-18','01.jpg','01','오운완 인증!','오늘 운동 너무 힘들었는데 열심히 했어요 !! 앞으로 더 열심히 운동해서 몸짱이 될거야,,!'),
    ('wjddbrud','2023-11-02','05.jpg','05','크로스핏 체험','윤성빈 선수보고 크로스핏 체험하러 가봤는데 진짜 재밌었다 !! 다치지 않게 조심해야지 ~~'),
    ('wjddbrud','2023-11-06','21.jpg','21','친구들이랑 볼링내기','오랜만에 친구들 만나서 술마셨지만 마무리는 볼링으로 ㅋ 볼링도 운동 맞을걸 ?'),
    ('wjddbrud','2023-11-08','18.jpg','18','물개가 꿈이야','아시안게임에서 황선우 선수보고 반해서 수영하러 갔다왔다! 물개가 되는 그날까지 열심히해야지 ~~ 아자아자'),
    ('wjddbrud','2023-11-14','23.jpg','23','날씨 좋은 날은 역시 등산이지 !','날씨가 좋아서 등산했는데 정상에서 보는 하늘은 .. 멋지다 ~~ !'),
    ('wjddbrud','2023-11-19','20.jpg','20','구기 종목도 정복중','테니스하면서 소리지르니까 스트레스가 다 풀리는 듯 ~~ 으아아아아!!'),
    ('wjdgusdk','2023-11-05','08.jpg','08','인생사진 건졌다 ㅋㅋ','같이 운동하시는 분한테 찍어달라고 했는데 좀 괜찮은듯? 역시 운동할 때 잘생겨보이나 ㅋㅋ'),
    ('wjdgusdk','2023-11-08','23.jpg','23','날씨 좋은 날은 역시 등산이지 !','날씨가 좋아서 등산했는데 정상에서 보는 하늘은 .. 멋지다 ~~ !'),
    ('wjdgusdk','2023-11-10','20.jpg','20','구기 종목도 정복중','테니스하면서 소리지르니까 스트레스가 다 풀리는 듯 ~~ 으아아아아!!'),
    ('wjdgusdk','2023-11-13','26.jpg','26','인생네컷','오늘 운동하고 처음으로 인생네컷 찍으러 가봤다~~ 조명이 좋아서 잘 나온듯'),
    ('wjdgusdk','2023-11-19','08.jpg','10','오랜만에 거울샷 ㅋ','거울이 조금 더럽긴 하지만 복근 잘보여서 기록해둡니다 ~~'),
    ('whdydghks','2023-11-04','14.jpg','14','으으으아 !!!','오늘의 2번째 운동 .. 대회 준비 해볼까? 식단하기 너무 싫은데 ..ㅠㅠ'),
    ('whdydghks','2023-11-07','03.jpg','03','조명찾아 삼만리','화장실 조명에서 찍으니까 어제보다 근육이 잘 보이는 것 같기도,, 아닌가?'),
    ('whdydghks','2023-11-08','13.jpg','13','내 등 어떤데','오늘은 등을 집중적으로 했는데 맘에 들어서 한 번 찍어봤음!'),
    ('whdydghks','2023-11-09','22.jpg','22','라운딩 꿀잼','아빠랑 라운딩 갔다왔는데 꿀잼! 근데 골프해서 허리 너무 아파 ..'),
    ('whdydghks','2023-11-10','15.jpg','15','대박','오늘 오랜만에 크로스핏 갔는데 성빈이 형님이랑 같이 운동했다,, 역시 국대는 다른듯 허락 맡고 찍은 사진 기록해두기 !!'),
    ('gusalstn','2023-11-01','08.jpg','08','인생사진 건졌다 ㅋㅋ','같이 운동하시는 분한테 찍어달라고 했는데 좀 괜찮은듯? 역시 운동할 때 잘생겨보이나 ㅋㅋ'),
    ('gusalstn','2023-11-06','03.jpg','03','조명찾아 삼만리','화장실 조명에서 찍으니까 어제보다 근육이 잘 보이는 것 같기도,, 아닌가?'),
    ('gusalstn','2023-11-15','01.jpg','01','오운완 인증!','오늘 운동 너무 힘들었는데 열심히 했어요 !! 앞으로 더 열심히 운동해서 몸짱이 될거야,,!'),
    ('gusalstn','2023-11-18','23.jpg','23','날씨 좋은 날은 역시 등산이지 !','날씨가 좋아서 등산했는데 정상에서 보는 하늘은 .. 멋지다 ~~ !'),
    ('gusalstn','2023-11-22','22.jpg','22','라운딩 꿀잼','아빠랑 라운딩 갔다왔는데 꿀잼! 근데 골프해서 허리 너무 아파 ..');
